epoch,model_ppl,model_acc,inference_ppl_acc,inference_lower_ppl_acc,inference_gpt2_acc,inference_zlip_acc,TOTAL_CANDIDATES,model_path_x,epsilon,delta,alpha,model_path_y
0,50434.7282047,0.0,0.576,0.516,0.564,0.552,1000,model/partialdp/20210410/093833/data-wikitext-2-add10b__model-LSTM__ebd-200__hid-200__bi-False__nlayer-1__tied-False__ntokens-50258__bs-7__bptt-35__lr-0.1__dp-True_partial-True_zerohidden-False__sigma-0.25__maxgradnorm-0.1__delta-8e-05.pt_ppl-50434.7282047_acc-0.00000_epoch-0,0.15,8e-05,63.0,model/partialdp/20210410/093833/data-wikitext-2-add10b__model-LSTM__ebd-200__hid-200__bi-False__nlayer-1__tied-False__ntokens-50258__bs-7__bptt-35__lr-0.1__dp-True_partial-True_zerohidden-False__sigma-0.25__maxgradnorm-0.1__delta-8e-05.pt_ppl-50434.7282047_acc-0.00000_epoch-0
1,606.0323617,0.22857,0.316,0.5,0.548,0.312,1000,model/partialdp/20210410/093833/data-wikitext-2-add10b__model-LSTM__ebd-200__hid-200__bi-False__nlayer-1__tied-False__ntokens-50258__bs-7__bptt-35__lr-0.1__dp-True_partial-True_zerohidden-False__sigma-0.25__maxgradnorm-0.1__delta-8e-05.pt_ppl-606.0323617_acc-0.22857_epoch-1,34.58,8e-05,1.4,model/partialdp/20210410/093833/data-wikitext-2-add10b__model-LSTM__ebd-200__hid-200__bi-False__nlayer-1__tied-False__ntokens-50258__bs-7__bptt-35__lr-0.1__dp-True_partial-True_zerohidden-False__sigma-0.25__maxgradnorm-0.1__delta-8e-05.pt_ppl-606.0323617_acc-0.22857_epoch-1
2,655.134927,0.24,0.322,0.496,0.548,0.31,1000,model/partialdp/20210410/093833/data-wikitext-2-add10b__model-LSTM__ebd-200__hid-200__bi-False__nlayer-1__tied-False__ntokens-50258__bs-7__bptt-35__lr-0.1__dp-True_partial-True_zerohidden-False__sigma-0.25__maxgradnorm-0.1__delta-8e-05.pt_ppl-655.1349270_acc-0.24000_epoch-2,45.33,8e-05,1.3,model/partialdp/20210410/093833/data-wikitext-2-add10b__model-LSTM__ebd-200__hid-200__bi-False__nlayer-1__tied-False__ntokens-50258__bs-7__bptt-35__lr-0.1__dp-True_partial-True_zerohidden-False__sigma-0.25__maxgradnorm-0.1__delta-8e-05.pt_ppl-655.1349270_acc-0.24000_epoch-2
3,600.6866303,0.23429,0.324,0.51,0.548,0.316,1000,model/partialdp/20210410/093833/data-wikitext-2-add10b__model-LSTM__ebd-200__hid-200__bi-False__nlayer-1__tied-False__ntokens-50258__bs-7__bptt-35__lr-0.1__dp-True_partial-True_zerohidden-False__sigma-0.25__maxgradnorm-0.1__delta-8e-05.pt_ppl-600.6866303_acc-0.23429_epoch-3,52.27,8e-05,1.3,model/partialdp/20210410/093833/data-wikitext-2-add10b__model-LSTM__ebd-200__hid-200__bi-False__nlayer-1__tied-False__ntokens-50258__bs-7__bptt-35__lr-0.1__dp-True_partial-True_zerohidden-False__sigma-0.25__maxgradnorm-0.1__delta-8e-05.pt_ppl-600.6866303_acc-0.23429_epoch-3
4,568.4357519,0.21714,0.324,0.506,0.548,0.314,1000,model/partialdp/20210410/093833/data-wikitext-2-add10b__model-LSTM__ebd-200__hid-200__bi-False__nlayer-1__tied-False__ntokens-50258__bs-7__bptt-35__lr-0.1__dp-True_partial-True_zerohidden-False__sigma-0.25__maxgradnorm-0.1__delta-8e-05.pt_ppl-568.4357519_acc-0.21714_epoch-4,59.20,8e-05,1.3,model/partialdp/20210410/093833/data-wikitext-2-add10b__model-LSTM__ebd-200__hid-200__bi-False__nlayer-1__tied-False__ntokens-50258__bs-7__bptt-35__lr-0.1__dp-True_partial-True_zerohidden-False__sigma-0.25__maxgradnorm-0.1__delta-8e-05.pt_ppl-568.4357519_acc-0.21714_epoch-4
5,542.9898739,0.22286,0.32,0.512,0.548,0.312,1000,model/partialdp/20210410/093833/data-wikitext-2-add10b__model-LSTM__ebd-200__hid-200__bi-False__nlayer-1__tied-False__ntokens-50258__bs-7__bptt-35__lr-0.1__dp-True_partial-True_zerohidden-False__sigma-0.25__maxgradnorm-0.1__delta-8e-05.pt_ppl-542.9898739_acc-0.22286_epoch-5,66.12,8e-05,1.3,model/partialdp/20210410/093833/data-wikitext-2-add10b__model-LSTM__ebd-200__hid-200__bi-False__nlayer-1__tied-False__ntokens-50258__bs-7__bptt-35__lr-0.1__dp-True_partial-True_zerohidden-False__sigma-0.25__maxgradnorm-0.1__delta-8e-05.pt_ppl-542.9898739_acc-0.22286_epoch-5
6,521.9151206,0.22857,0.32,0.496,0.548,0.316,1000,model/partialdp/20210410/093833/data-wikitext-2-add10b__model-LSTM__ebd-200__hid-200__bi-False__nlayer-1__tied-False__ntokens-50258__bs-7__bptt-35__lr-0.1__dp-True_partial-True_zerohidden-False__sigma-0.25__maxgradnorm-0.1__delta-8e-05.pt_ppl-521.9151206_acc-0.22857_epoch-6,73.06,8e-05,1.3,model/partialdp/20210410/093833/data-wikitext-2-add10b__model-LSTM__ebd-200__hid-200__bi-False__nlayer-1__tied-False__ntokens-50258__bs-7__bptt-35__lr-0.1__dp-True_partial-True_zerohidden-False__sigma-0.25__maxgradnorm-0.1__delta-8e-05.pt_ppl-521.9151206_acc-0.22857_epoch-6
7,505.7021857,0.24,0.324,0.508,0.55,0.312,1000,model/partialdp/20210410/093833/data-wikitext-2-add10b__model-LSTM__ebd-200__hid-200__bi-False__nlayer-1__tied-False__ntokens-50258__bs-7__bptt-35__lr-0.1__dp-True_partial-True_zerohidden-False__sigma-0.25__maxgradnorm-0.1__delta-8e-05.pt_ppl-505.7021857_acc-0.24000_epoch-7,79.99,8e-05,1.3,model/partialdp/20210410/093833/data-wikitext-2-add10b__model-LSTM__ebd-200__hid-200__bi-False__nlayer-1__tied-False__ntokens-50258__bs-7__bptt-35__lr-0.1__dp-True_partial-True_zerohidden-False__sigma-0.25__maxgradnorm-0.1__delta-8e-05.pt_ppl-505.7021857_acc-0.24000_epoch-7
8,491.8336672,0.23429,0.324,0.514,0.552,0.312,1000,model/partialdp/20210410/093833/data-wikitext-2-add10b__model-LSTM__ebd-200__hid-200__bi-False__nlayer-1__tied-False__ntokens-50258__bs-7__bptt-35__lr-0.1__dp-True_partial-True_zerohidden-False__sigma-0.25__maxgradnorm-0.1__delta-8e-05.pt_ppl-491.8336672_acc-0.23429_epoch-8,84.76,8e-05,1.2,model/partialdp/20210410/093833/data-wikitext-2-add10b__model-LSTM__ebd-200__hid-200__bi-False__nlayer-1__tied-False__ntokens-50258__bs-7__bptt-35__lr-0.1__dp-True_partial-True_zerohidden-False__sigma-0.25__maxgradnorm-0.1__delta-8e-05.pt_ppl-491.8336672_acc-0.23429_epoch-8
9,477.8128682,0.25714,0.318,0.514,0.55,0.31,1000,model/partialdp/20210410/093833/data-wikitext-2-add10b__model-LSTM__ebd-200__hid-200__bi-False__nlayer-1__tied-False__ntokens-50258__bs-7__bptt-35__lr-0.1__dp-True_partial-True_zerohidden-False__sigma-0.25__maxgradnorm-0.1__delta-8e-05.pt_ppl-477.8128682_acc-0.25714_epoch-9,89.47,8e-05,1.2,model/partialdp/20210410/093833/data-wikitext-2-add10b__model-LSTM__ebd-200__hid-200__bi-False__nlayer-1__tied-False__ntokens-50258__bs-7__bptt-35__lr-0.1__dp-True_partial-True_zerohidden-False__sigma-0.25__maxgradnorm-0.1__delta-8e-05.pt_ppl-477.8128682_acc-0.25714_epoch-9
10,466.3121914,0.24571,0.32,0.516,0.55,0.314,1000,model/partialdp/20210410/093833/data-wikitext-2-add10b__model-LSTM__ebd-200__hid-200__bi-False__nlayer-1__tied-False__ntokens-50258__bs-7__bptt-35__lr-0.1__dp-True_partial-True_zerohidden-False__sigma-0.25__maxgradnorm-0.1__delta-8e-05.pt_ppl-466.3121914_acc-0.24571_epoch-10,94.15,8e-05,1.2,model/partialdp/20210410/093833/data-wikitext-2-add10b__model-LSTM__ebd-200__hid-200__bi-False__nlayer-1__tied-False__ntokens-50258__bs-7__bptt-35__lr-0.1__dp-True_partial-True_zerohidden-False__sigma-0.25__maxgradnorm-0.1__delta-8e-05.pt_ppl-466.3121914_acc-0.24571_epoch-10
11,457.9337575,0.25143,0.32,0.53,0.55,0.324,1000,model/partialdp/20210410/093833/data-wikitext-2-add10b__model-LSTM__ebd-200__hid-200__bi-False__nlayer-1__tied-False__ntokens-50258__bs-7__bptt-35__lr-0.1__dp-True_partial-True_zerohidden-False__sigma-0.25__maxgradnorm-0.1__delta-8e-05.pt_ppl-457.9337575_acc-0.25143_epoch-11,98.83,8e-05,1.2,model/partialdp/20210410/093833/data-wikitext-2-add10b__model-LSTM__ebd-200__hid-200__bi-False__nlayer-1__tied-False__ntokens-50258__bs-7__bptt-35__lr-0.1__dp-True_partial-True_zerohidden-False__sigma-0.25__maxgradnorm-0.1__delta-8e-05.pt_ppl-457.9337575_acc-0.25143_epoch-11
12,449.1037765,0.26286,0.324,0.526,0.552,0.324,1000,model/partialdp/20210410/093833/data-wikitext-2-add10b__model-LSTM__ebd-200__hid-200__bi-False__nlayer-1__tied-False__ntokens-50258__bs-7__bptt-35__lr-0.1__dp-True_partial-True_zerohidden-False__sigma-0.25__maxgradnorm-0.1__delta-8e-05.pt_ppl-449.1037765_acc-0.26286_epoch-12,103.55,8e-05,1.2,model/partialdp/20210410/093833/data-wikitext-2-add10b__model-LSTM__ebd-200__hid-200__bi-False__nlayer-1__tied-False__ntokens-50258__bs-7__bptt-35__lr-0.1__dp-True_partial-True_zerohidden-False__sigma-0.25__maxgradnorm-0.1__delta-8e-05.pt_ppl-449.1037765_acc-0.26286_epoch-12
13,440.8501178,0.25143,0.322,0.52,0.552,0.318,1000,model/partialdp/20210410/093833/data-wikitext-2-add10b__model-LSTM__ebd-200__hid-200__bi-False__nlayer-1__tied-False__ntokens-50258__bs-7__bptt-35__lr-0.1__dp-True_partial-True_zerohidden-False__sigma-0.25__maxgradnorm-0.1__delta-8e-05.pt_ppl-440.8501178_acc-0.25143_epoch-13,108.23,8e-05,1.2,model/partialdp/20210410/093833/data-wikitext-2-add10b__model-LSTM__ebd-200__hid-200__bi-False__nlayer-1__tied-False__ntokens-50258__bs-7__bptt-35__lr-0.1__dp-True_partial-True_zerohidden-False__sigma-0.25__maxgradnorm-0.1__delta-8e-05.pt_ppl-440.8501178_acc-0.25143_epoch-13
14,435.9391683,0.24571,0.324,0.516,0.552,0.322,1000,model/partialdp/20210410/093833/data-wikitext-2-add10b__model-LSTM__ebd-200__hid-200__bi-False__nlayer-1__tied-False__ntokens-50258__bs-7__bptt-35__lr-0.1__dp-True_partial-True_zerohidden-False__sigma-0.25__maxgradnorm-0.1__delta-8e-05.pt_ppl-435.9391683_acc-0.24571_epoch-14,112.95,8e-05,1.2,model/partialdp/20210410/093833/data-wikitext-2-add10b__model-LSTM__ebd-200__hid-200__bi-False__nlayer-1__tied-False__ntokens-50258__bs-7__bptt-35__lr-0.1__dp-True_partial-True_zerohidden-False__sigma-0.25__maxgradnorm-0.1__delta-8e-05.pt_ppl-435.9391683_acc-0.24571_epoch-14
15,428.673102,0.26286,0.322,0.52,0.552,0.316,1000,model/partialdp/20210410/093833/data-wikitext-2-add10b__model-LSTM__ebd-200__hid-200__bi-False__nlayer-1__tied-False__ntokens-50258__bs-7__bptt-35__lr-0.1__dp-True_partial-True_zerohidden-False__sigma-0.25__maxgradnorm-0.1__delta-8e-05.pt_ppl-428.6731020_acc-0.26286_epoch-15,117.66,8e-05,1.2,model/partialdp/20210410/093833/data-wikitext-2-add10b__model-LSTM__ebd-200__hid-200__bi-False__nlayer-1__tied-False__ntokens-50258__bs-7__bptt-35__lr-0.1__dp-True_partial-True_zerohidden-False__sigma-0.25__maxgradnorm-0.1__delta-8e-05.pt_ppl-428.6731020_acc-0.26286_epoch-15
16,421.439379,0.25143,0.326,0.516,0.552,0.316,1000,model/partialdp/20210410/093833/data-wikitext-2-add10b__model-LSTM__ebd-200__hid-200__bi-False__nlayer-1__tied-False__ntokens-50258__bs-7__bptt-35__lr-0.1__dp-True_partial-True_zerohidden-False__sigma-0.25__maxgradnorm-0.1__delta-8e-05.pt_ppl-421.4393790_acc-0.25143_epoch-16,122.36,8e-05,1.2,model/partialdp/20210410/093833/data-wikitext-2-add10b__model-LSTM__ebd-200__hid-200__bi-False__nlayer-1__tied-False__ntokens-50258__bs-7__bptt-35__lr-0.1__dp-True_partial-True_zerohidden-False__sigma-0.25__maxgradnorm-0.1__delta-8e-05.pt_ppl-421.4393790_acc-0.25143_epoch-16
17,416.0944251,0.24571,0.324,0.516,0.552,0.318,1000,model/partialdp/20210410/093833/data-wikitext-2-add10b__model-LSTM__ebd-200__hid-200__bi-False__nlayer-1__tied-False__ntokens-50258__bs-7__bptt-35__lr-0.1__dp-True_partial-True_zerohidden-False__sigma-0.25__maxgradnorm-0.1__delta-8e-05.pt_ppl-416.0944251_acc-0.24571_epoch-17,127.09,8e-05,1.2,model/partialdp/20210410/093833/data-wikitext-2-add10b__model-LSTM__ebd-200__hid-200__bi-False__nlayer-1__tied-False__ntokens-50258__bs-7__bptt-35__lr-0.1__dp-True_partial-True_zerohidden-False__sigma-0.25__maxgradnorm-0.1__delta-8e-05.pt_ppl-416.0944251_acc-0.24571_epoch-17
18,411.2601172,0.24571,0.32,0.524,0.552,0.318,1000,model/partialdp/20210410/093833/data-wikitext-2-add10b__model-LSTM__ebd-200__hid-200__bi-False__nlayer-1__tied-False__ntokens-50258__bs-7__bptt-35__lr-0.1__dp-True_partial-True_zerohidden-False__sigma-0.25__maxgradnorm-0.1__delta-8e-05.pt_ppl-411.2601172_acc-0.24571_epoch-18,131.79,8e-05,1.2,model/partialdp/20210410/093833/data-wikitext-2-add10b__model-LSTM__ebd-200__hid-200__bi-False__nlayer-1__tied-False__ntokens-50258__bs-7__bptt-35__lr-0.1__dp-True_partial-True_zerohidden-False__sigma-0.25__maxgradnorm-0.1__delta-8e-05.pt_ppl-411.2601172_acc-0.24571_epoch-18
19,407.1497348,0.23429,0.32,0.522,0.55,0.318,1000,model/partialdp/20210410/093833/data-wikitext-2-add10b__model-LSTM__ebd-200__hid-200__bi-False__nlayer-1__tied-False__ntokens-50258__bs-7__bptt-35__lr-0.1__dp-True_partial-True_zerohidden-False__sigma-0.25__maxgradnorm-0.1__delta-8e-05.pt_ppl-407.1497348_acc-0.23429_epoch-19,136.49,8e-05,1.2,model/partialdp/20210410/093833/data-wikitext-2-add10b__model-LSTM__ebd-200__hid-200__bi-False__nlayer-1__tied-False__ntokens-50258__bs-7__bptt-35__lr-0.1__dp-True_partial-True_zerohidden-False__sigma-0.25__maxgradnorm-0.1__delta-8e-05.pt_ppl-407.1497348_acc-0.23429_epoch-19
20,403.4253895,0.23429,0.324,0.524,0.55,0.32,1000,model/partialdp/20210410/093833/data-wikitext-2-add10b__model-LSTM__ebd-200__hid-200__bi-False__nlayer-1__tied-False__ntokens-50258__bs-7__bptt-35__lr-0.1__dp-True_partial-True_zerohidden-False__sigma-0.25__maxgradnorm-0.1__delta-8e-05.pt_ppl-403.4253895_acc-0.23429_epoch-20,141.19,8e-05,1.2,model/partialdp/20210410/093833/data-wikitext-2-add10b__model-LSTM__ebd-200__hid-200__bi-False__nlayer-1__tied-False__ntokens-50258__bs-7__bptt-35__lr-0.1__dp-True_partial-True_zerohidden-False__sigma-0.25__maxgradnorm-0.1__delta-8e-05.pt_ppl-403.4253895_acc-0.23429_epoch-20
21,399.3032431,0.24,0.322,0.512,0.552,0.316,1000,model/partialdp/20210410/093833/data-wikitext-2-add10b__model-LSTM__ebd-200__hid-200__bi-False__nlayer-1__tied-False__ntokens-50258__bs-7__bptt-35__lr-0.1__dp-True_partial-True_zerohidden-False__sigma-0.25__maxgradnorm-0.1__delta-8e-05.pt_ppl-399.3032431_acc-0.24000_epoch-21,145.89,8e-05,1.2,model/partialdp/20210410/093833/data-wikitext-2-add10b__model-LSTM__ebd-200__hid-200__bi-False__nlayer-1__tied-False__ntokens-50258__bs-7__bptt-35__lr-0.1__dp-True_partial-True_zerohidden-False__sigma-0.25__maxgradnorm-0.1__delta-8e-05.pt_ppl-399.3032431_acc-0.24000_epoch-21
22,395.0328599,0.24,0.322,0.52,0.552,0.316,1000,model/partialdp/20210410/093833/data-wikitext-2-add10b__model-LSTM__ebd-200__hid-200__bi-False__nlayer-1__tied-False__ntokens-50258__bs-7__bptt-35__lr-0.1__dp-True_partial-True_zerohidden-False__sigma-0.25__maxgradnorm-0.1__delta-8e-05.pt_ppl-395.0328599_acc-0.24000_epoch-22,150.58,8e-05,1.2,model/partialdp/20210410/093833/data-wikitext-2-add10b__model-LSTM__ebd-200__hid-200__bi-False__nlayer-1__tied-False__ntokens-50258__bs-7__bptt-35__lr-0.1__dp-True_partial-True_zerohidden-False__sigma-0.25__maxgradnorm-0.1__delta-8e-05.pt_ppl-395.0328599_acc-0.24000_epoch-22
23,392.1653471,0.25143,0.324,0.522,0.552,0.314,1000,model/partialdp/20210410/093833/data-wikitext-2-add10b__model-LSTM__ebd-200__hid-200__bi-False__nlayer-1__tied-False__ntokens-50258__bs-7__bptt-35__lr-0.1__dp-True_partial-True_zerohidden-False__sigma-0.25__maxgradnorm-0.1__delta-8e-05.pt_ppl-392.1653471_acc-0.25143_epoch-23,155.28,8e-05,1.2,model/partialdp/20210410/093833/data-wikitext-2-add10b__model-LSTM__ebd-200__hid-200__bi-False__nlayer-1__tied-False__ntokens-50258__bs-7__bptt-35__lr-0.1__dp-True_partial-True_zerohidden-False__sigma-0.25__maxgradnorm-0.1__delta-8e-05.pt_ppl-392.1653471_acc-0.25143_epoch-23
24,388.861901,0.24571,0.32,0.524,0.552,0.312,1000,model/partialdp/20210410/093833/data-wikitext-2-add10b__model-LSTM__ebd-200__hid-200__bi-False__nlayer-1__tied-False__ntokens-50258__bs-7__bptt-35__lr-0.1__dp-True_partial-True_zerohidden-False__sigma-0.25__maxgradnorm-0.1__delta-8e-05.pt_ppl-388.8619010_acc-0.24571_epoch-24,159.98,8e-05,1.2,model/partialdp/20210410/093833/data-wikitext-2-add10b__model-LSTM__ebd-200__hid-200__bi-False__nlayer-1__tied-False__ntokens-50258__bs-7__bptt-35__lr-0.1__dp-True_partial-True_zerohidden-False__sigma-0.25__maxgradnorm-0.1__delta-8e-05.pt_ppl-388.8619010_acc-0.24571_epoch-24
25,385.5976436,0.25143,0.32,0.518,0.552,0.31,1000,model/partialdp/20210410/093833/data-wikitext-2-add10b__model-LSTM__ebd-200__hid-200__bi-False__nlayer-1__tied-False__ntokens-50258__bs-7__bptt-35__lr-0.1__dp-True_partial-True_zerohidden-False__sigma-0.25__maxgradnorm-0.1__delta-8e-05.pt_ppl-385.5976436_acc-0.25143_epoch-25,164.69,8e-05,1.2,model/partialdp/20210410/093833/data-wikitext-2-add10b__model-LSTM__ebd-200__hid-200__bi-False__nlayer-1__tied-False__ntokens-50258__bs-7__bptt-35__lr-0.1__dp-True_partial-True_zerohidden-False__sigma-0.25__maxgradnorm-0.1__delta-8e-05.pt_ppl-385.5976436_acc-0.25143_epoch-25
26,382.461647,0.24571,0.324,0.526,0.552,0.312,1000,model/partialdp/20210410/093833/data-wikitext-2-add10b__model-LSTM__ebd-200__hid-200__bi-False__nlayer-1__tied-False__ntokens-50258__bs-7__bptt-35__lr-0.1__dp-True_partial-True_zerohidden-False__sigma-0.25__maxgradnorm-0.1__delta-8e-05.pt_ppl-382.4616470_acc-0.24571_epoch-26,169.41,8e-05,1.2,model/partialdp/20210410/093833/data-wikitext-2-add10b__model-LSTM__ebd-200__hid-200__bi-False__nlayer-1__tied-False__ntokens-50258__bs-7__bptt-35__lr-0.1__dp-True_partial-True_zerohidden-False__sigma-0.25__maxgradnorm-0.1__delta-8e-05.pt_ppl-382.4616470_acc-0.24571_epoch-26
27,380.0281913,0.24571,0.326,0.516,0.552,0.308,1000,model/partialdp/20210410/093833/data-wikitext-2-add10b__model-LSTM__ebd-200__hid-200__bi-False__nlayer-1__tied-False__ntokens-50258__bs-7__bptt-35__lr-0.1__dp-True_partial-True_zerohidden-False__sigma-0.25__maxgradnorm-0.1__delta-8e-05.pt_ppl-380.0281913_acc-0.24571_epoch-27,174.12,8e-05,1.2,model/partialdp/20210410/093833/data-wikitext-2-add10b__model-LSTM__ebd-200__hid-200__bi-False__nlayer-1__tied-False__ntokens-50258__bs-7__bptt-35__lr-0.1__dp-True_partial-True_zerohidden-False__sigma-0.25__maxgradnorm-0.1__delta-8e-05.pt_ppl-380.0281913_acc-0.24571_epoch-27
28,377.2716969,0.26286,0.318,0.522,0.55,0.306,1000,model/partialdp/20210410/093833/data-wikitext-2-add10b__model-LSTM__ebd-200__hid-200__bi-False__nlayer-1__tied-False__ntokens-50258__bs-7__bptt-35__lr-0.1__dp-True_partial-True_zerohidden-False__sigma-0.25__maxgradnorm-0.1__delta-8e-05.pt_ppl-377.2716969_acc-0.26286_epoch-28,178.80,8e-05,1.2,model/partialdp/20210410/093833/data-wikitext-2-add10b__model-LSTM__ebd-200__hid-200__bi-False__nlayer-1__tied-False__ntokens-50258__bs-7__bptt-35__lr-0.1__dp-True_partial-True_zerohidden-False__sigma-0.25__maxgradnorm-0.1__delta-8e-05.pt_ppl-377.2716969_acc-0.26286_epoch-28
29,374.4056883,0.26286,0.32,0.512,0.552,0.306,1000,model/partialdp/20210410/093833/data-wikitext-2-add10b__model-LSTM__ebd-200__hid-200__bi-False__nlayer-1__tied-False__ntokens-50258__bs-7__bptt-35__lr-0.1__dp-True_partial-True_zerohidden-False__sigma-0.25__maxgradnorm-0.1__delta-8e-05.pt_ppl-374.4056883_acc-0.26286_epoch-29,183.51,8e-05,1.2,model/partialdp/20210410/093833/data-wikitext-2-add10b__model-LSTM__ebd-200__hid-200__bi-False__nlayer-1__tied-False__ntokens-50258__bs-7__bptt-35__lr-0.1__dp-True_partial-True_zerohidden-False__sigma-0.25__maxgradnorm-0.1__delta-8e-05.pt_ppl-374.4056883_acc-0.26286_epoch-29
30,373.177368,0.24571,0.32,0.518,0.552,0.308,1000,model/partialdp/20210410/093833/data-wikitext-2-add10b__model-LSTM__ebd-200__hid-200__bi-False__nlayer-1__tied-False__ntokens-50258__bs-7__bptt-35__lr-0.1__dp-True_partial-True_zerohidden-False__sigma-0.25__maxgradnorm-0.1__delta-8e-05.pt_ppl-373.1773680_acc-0.24571_epoch-30,188.23,8e-05,1.2,model/partialdp/20210410/093833/data-wikitext-2-add10b__model-LSTM__ebd-200__hid-200__bi-False__nlayer-1__tied-False__ntokens-50258__bs-7__bptt-35__lr-0.1__dp-True_partial-True_zerohidden-False__sigma-0.25__maxgradnorm-0.1__delta-8e-05.pt_ppl-373.1773680_acc-0.24571_epoch-30
31,370.5170271,0.25143,0.322,0.514,0.55,0.308,1000,model/partialdp/20210410/093833/data-wikitext-2-add10b__model-LSTM__ebd-200__hid-200__bi-False__nlayer-1__tied-False__ntokens-50258__bs-7__bptt-35__lr-0.1__dp-True_partial-True_zerohidden-False__sigma-0.25__maxgradnorm-0.1__delta-8e-05.pt_ppl-370.5170271_acc-0.25143_epoch-31,192.93,8e-05,1.2,model/partialdp/20210410/093833/data-wikitext-2-add10b__model-LSTM__ebd-200__hid-200__bi-False__nlayer-1__tied-False__ntokens-50258__bs-7__bptt-35__lr-0.1__dp-True_partial-True_zerohidden-False__sigma-0.25__maxgradnorm-0.1__delta-8e-05.pt_ppl-370.5170271_acc-0.25143_epoch-31
32,368.0247085,0.24571,0.32,0.516,0.55,0.314,1000,model/partialdp/20210410/093833/data-wikitext-2-add10b__model-LSTM__ebd-200__hid-200__bi-False__nlayer-1__tied-False__ntokens-50258__bs-7__bptt-35__lr-0.1__dp-True_partial-True_zerohidden-False__sigma-0.25__maxgradnorm-0.1__delta-8e-05.pt_ppl-368.0247085_acc-0.24571_epoch-32,197.64,8e-05,1.2,model/partialdp/20210410/093833/data-wikitext-2-add10b__model-LSTM__ebd-200__hid-200__bi-False__nlayer-1__tied-False__ntokens-50258__bs-7__bptt-35__lr-0.1__dp-True_partial-True_zerohidden-False__sigma-0.25__maxgradnorm-0.1__delta-8e-05.pt_ppl-368.0247085_acc-0.24571_epoch-32
33,366.2202577,0.25143,0.32,0.512,0.548,0.312,1000,model/partialdp/20210410/093833/data-wikitext-2-add10b__model-LSTM__ebd-200__hid-200__bi-False__nlayer-1__tied-False__ntokens-50258__bs-7__bptt-35__lr-0.1__dp-True_partial-True_zerohidden-False__sigma-0.25__maxgradnorm-0.1__delta-8e-05.pt_ppl-366.2202577_acc-0.25143_epoch-33,202.36,8e-05,1.2,model/partialdp/20210410/093833/data-wikitext-2-add10b__model-LSTM__ebd-200__hid-200__bi-False__nlayer-1__tied-False__ntokens-50258__bs-7__bptt-35__lr-0.1__dp-True_partial-True_zerohidden-False__sigma-0.25__maxgradnorm-0.1__delta-8e-05.pt_ppl-366.2202577_acc-0.25143_epoch-33
34,364.4928199,0.25714,0.328,0.522,0.55,0.31,1000,model/partialdp/20210410/093833/data-wikitext-2-add10b__model-LSTM__ebd-200__hid-200__bi-False__nlayer-1__tied-False__ntokens-50258__bs-7__bptt-35__lr-0.1__dp-True_partial-True_zerohidden-False__sigma-0.25__maxgradnorm-0.1__delta-8e-05.pt_ppl-364.4928199_acc-0.25714_epoch-34,207.07,8e-05,1.2,model/partialdp/20210410/093833/data-wikitext-2-add10b__model-LSTM__ebd-200__hid-200__bi-False__nlayer-1__tied-False__ntokens-50258__bs-7__bptt-35__lr-0.1__dp-True_partial-True_zerohidden-False__sigma-0.25__maxgradnorm-0.1__delta-8e-05.pt_ppl-364.4928199_acc-0.25714_epoch-34
35,362.8431181,0.25143,0.322,0.52,0.55,0.312,1000,model/partialdp/20210410/093833/data-wikitext-2-add10b__model-LSTM__ebd-200__hid-200__bi-False__nlayer-1__tied-False__ntokens-50258__bs-7__bptt-35__lr-0.1__dp-True_partial-True_zerohidden-False__sigma-0.25__maxgradnorm-0.1__delta-8e-05.pt_ppl-362.8431181_acc-0.25143_epoch-35,211.59,8e-05,1.1,model/partialdp/20210410/093833/data-wikitext-2-add10b__model-LSTM__ebd-200__hid-200__bi-False__nlayer-1__tied-False__ntokens-50258__bs-7__bptt-35__lr-0.1__dp-True_partial-True_zerohidden-False__sigma-0.25__maxgradnorm-0.1__delta-8e-05.pt_ppl-362.8431181_acc-0.25143_epoch-35
36,360.7509407,0.26286,0.322,0.522,0.548,0.314,1000,model/partialdp/20210410/093833/data-wikitext-2-add10b__model-LSTM__ebd-200__hid-200__bi-False__nlayer-1__tied-False__ntokens-50258__bs-7__bptt-35__lr-0.1__dp-True_partial-True_zerohidden-False__sigma-0.25__maxgradnorm-0.1__delta-8e-05.pt_ppl-360.7509407_acc-0.26286_epoch-36,214.93,8e-05,1.1,model/partialdp/20210410/093833/data-wikitext-2-add10b__model-LSTM__ebd-200__hid-200__bi-False__nlayer-1__tied-False__ntokens-50258__bs-7__bptt-35__lr-0.1__dp-True_partial-True_zerohidden-False__sigma-0.25__maxgradnorm-0.1__delta-8e-05.pt_ppl-360.7509407_acc-0.26286_epoch-36
37,360.3487598,0.25143,0.322,0.522,0.548,0.32,1000,model/partialdp/20210410/093833/data-wikitext-2-add10b__model-LSTM__ebd-200__hid-200__bi-False__nlayer-1__tied-False__ntokens-50258__bs-7__bptt-35__lr-0.1__dp-True_partial-True_zerohidden-False__sigma-0.25__maxgradnorm-0.1__delta-8e-05.pt_ppl-360.3487598_acc-0.25143_epoch-37,218.29,8e-05,1.1,model/partialdp/20210410/093833/data-wikitext-2-add10b__model-LSTM__ebd-200__hid-200__bi-False__nlayer-1__tied-False__ntokens-50258__bs-7__bptt-35__lr-0.1__dp-True_partial-True_zerohidden-False__sigma-0.25__maxgradnorm-0.1__delta-8e-05.pt_ppl-360.3487598_acc-0.25143_epoch-37
38,358.1669033,0.25714,0.322,0.524,0.55,0.322,1000,model/partialdp/20210410/093833/data-wikitext-2-add10b__model-LSTM__ebd-200__hid-200__bi-False__nlayer-1__tied-False__ntokens-50258__bs-7__bptt-35__lr-0.1__dp-True_partial-True_zerohidden-False__sigma-0.25__maxgradnorm-0.1__delta-8e-05.pt_ppl-358.1669033_acc-0.25714_epoch-38,221.64,8e-05,1.1,model/partialdp/20210410/093833/data-wikitext-2-add10b__model-LSTM__ebd-200__hid-200__bi-False__nlayer-1__tied-False__ntokens-50258__bs-7__bptt-35__lr-0.1__dp-True_partial-True_zerohidden-False__sigma-0.25__maxgradnorm-0.1__delta-8e-05.pt_ppl-358.1669033_acc-0.25714_epoch-38
39,357.0000813,0.25143,0.32,0.512,0.55,0.32,1000,model/partialdp/20210410/093833/data-wikitext-2-add10b__model-LSTM__ebd-200__hid-200__bi-False__nlayer-1__tied-False__ntokens-50258__bs-7__bptt-35__lr-0.1__dp-True_partial-True_zerohidden-False__sigma-0.25__maxgradnorm-0.1__delta-8e-05.pt_ppl-357.0000813_acc-0.25143_epoch-39,224.99,8e-05,1.1,model/partialdp/20210410/093833/data-wikitext-2-add10b__model-LSTM__ebd-200__hid-200__bi-False__nlayer-1__tied-False__ntokens-50258__bs-7__bptt-35__lr-0.1__dp-True_partial-True_zerohidden-False__sigma-0.25__maxgradnorm-0.1__delta-8e-05.pt_ppl-357.0000813_acc-0.25143_epoch-39
40,356.3548043,0.25143,0.32,0.506,0.55,0.318,1000,model/partialdp/20210410/093833/data-wikitext-2-add10b__model-LSTM__ebd-200__hid-200__bi-False__nlayer-1__tied-False__ntokens-50258__bs-7__bptt-35__lr-0.1__dp-True_partial-True_zerohidden-False__sigma-0.25__maxgradnorm-0.1__delta-8e-05.pt_ppl-356.3548043_acc-0.25143_epoch-40,228.34,8e-05,1.1,model/partialdp/20210410/093833/data-wikitext-2-add10b__model-LSTM__ebd-200__hid-200__bi-False__nlayer-1__tied-False__ntokens-50258__bs-7__bptt-35__lr-0.1__dp-True_partial-True_zerohidden-False__sigma-0.25__maxgradnorm-0.1__delta-8e-05.pt_ppl-356.3548043_acc-0.25143_epoch-40
41,354.005698,0.25143,0.318,0.512,0.55,0.316,1000,model/partialdp/20210410/093833/data-wikitext-2-add10b__model-LSTM__ebd-200__hid-200__bi-False__nlayer-1__tied-False__ntokens-50258__bs-7__bptt-35__lr-0.1__dp-True_partial-True_zerohidden-False__sigma-0.25__maxgradnorm-0.1__delta-8e-05.pt_ppl-354.0056980_acc-0.25143_epoch-41,231.68,8e-05,1.1,model/partialdp/20210410/093833/data-wikitext-2-add10b__model-LSTM__ebd-200__hid-200__bi-False__nlayer-1__tied-False__ntokens-50258__bs-7__bptt-35__lr-0.1__dp-True_partial-True_zerohidden-False__sigma-0.25__maxgradnorm-0.1__delta-8e-05.pt_ppl-354.0056980_acc-0.25143_epoch-41
42,353.291994,0.26857,0.324,0.518,0.552,0.32,1000,model/partialdp/20210410/093833/data-wikitext-2-add10b__model-LSTM__ebd-200__hid-200__bi-False__nlayer-1__tied-False__ntokens-50258__bs-7__bptt-35__lr-0.1__dp-True_partial-True_zerohidden-False__sigma-0.25__maxgradnorm-0.1__delta-8e-05.pt_ppl-353.2919940_acc-0.26857_epoch-42,235.03,8e-05,1.1,model/partialdp/20210410/093833/data-wikitext-2-add10b__model-LSTM__ebd-200__hid-200__bi-False__nlayer-1__tied-False__ntokens-50258__bs-7__bptt-35__lr-0.1__dp-True_partial-True_zerohidden-False__sigma-0.25__maxgradnorm-0.1__delta-8e-05.pt_ppl-353.2919940_acc-0.26857_epoch-42
43,352.5374635,0.26286,0.326,0.524,0.55,0.32,1000,model/partialdp/20210410/093833/data-wikitext-2-add10b__model-LSTM__ebd-200__hid-200__bi-False__nlayer-1__tied-False__ntokens-50258__bs-7__bptt-35__lr-0.1__dp-True_partial-True_zerohidden-False__sigma-0.25__maxgradnorm-0.1__delta-8e-05.pt_ppl-352.5374635_acc-0.26286_epoch-43,238.39,8e-05,1.1,model/partialdp/20210410/093833/data-wikitext-2-add10b__model-LSTM__ebd-200__hid-200__bi-False__nlayer-1__tied-False__ntokens-50258__bs-7__bptt-35__lr-0.1__dp-True_partial-True_zerohidden-False__sigma-0.25__maxgradnorm-0.1__delta-8e-05.pt_ppl-352.5374635_acc-0.26286_epoch-43
44,350.5968189,0.26286,0.326,0.516,0.55,0.322,1000,model/partialdp/20210410/093833/data-wikitext-2-add10b__model-LSTM__ebd-200__hid-200__bi-False__nlayer-1__tied-False__ntokens-50258__bs-7__bptt-35__lr-0.1__dp-True_partial-True_zerohidden-False__sigma-0.25__maxgradnorm-0.1__delta-8e-05.pt_ppl-350.5968189_acc-0.26286_epoch-44,241.74,8e-05,1.1,model/partialdp/20210410/093833/data-wikitext-2-add10b__model-LSTM__ebd-200__hid-200__bi-False__nlayer-1__tied-False__ntokens-50258__bs-7__bptt-35__lr-0.1__dp-True_partial-True_zerohidden-False__sigma-0.25__maxgradnorm-0.1__delta-8e-05.pt_ppl-350.5968189_acc-0.26286_epoch-44
45,350.28351,0.25714,0.326,0.52,0.55,0.318,1000,model/partialdp/20210410/093833/data-wikitext-2-add10b__model-LSTM__ebd-200__hid-200__bi-False__nlayer-1__tied-False__ntokens-50258__bs-7__bptt-35__lr-0.1__dp-True_partial-True_zerohidden-False__sigma-0.25__maxgradnorm-0.1__delta-8e-05.pt_ppl-350.2835100_acc-0.25714_epoch-45,245.09,8e-05,1.1,model/partialdp/20210410/093833/data-wikitext-2-add10b__model-LSTM__ebd-200__hid-200__bi-False__nlayer-1__tied-False__ntokens-50258__bs-7__bptt-35__lr-0.1__dp-True_partial-True_zerohidden-False__sigma-0.25__maxgradnorm-0.1__delta-8e-05.pt_ppl-350.2835100_acc-0.25714_epoch-45
46,350.8418167,0.26286,0.324,0.526,0.55,0.318,1000,model/partialdp/20210410/093833/data-wikitext-2-add10b__model-LSTM__ebd-200__hid-200__bi-False__nlayer-1__tied-False__ntokens-50258__bs-7__bptt-35__lr-0.1__dp-True_partial-True_zerohidden-False__sigma-0.25__maxgradnorm-0.1__delta-8e-05.pt_ppl-350.8418167_acc-0.26286_epoch-46,248.45,8e-05,1.1,model/partialdp/20210410/093833/data-wikitext-2-add10b__model-LSTM__ebd-200__hid-200__bi-False__nlayer-1__tied-False__ntokens-50258__bs-7__bptt-35__lr-0.1__dp-True_partial-True_zerohidden-False__sigma-0.25__maxgradnorm-0.1__delta-8e-05.pt_ppl-350.8418167_acc-0.26286_epoch-46
47,348.8653628,0.25714,0.324,0.518,0.55,0.318,1000,model/partialdp/20210410/093833/data-wikitext-2-add10b__model-LSTM__ebd-200__hid-200__bi-False__nlayer-1__tied-False__ntokens-50258__bs-7__bptt-35__lr-0.1__dp-True_partial-True_zerohidden-False__sigma-0.25__maxgradnorm-0.1__delta-8e-05.pt_ppl-348.8653628_acc-0.25714_epoch-47,251.81,8e-05,1.1,model/partialdp/20210410/093833/data-wikitext-2-add10b__model-LSTM__ebd-200__hid-200__bi-False__nlayer-1__tied-False__ntokens-50258__bs-7__bptt-35__lr-0.1__dp-True_partial-True_zerohidden-False__sigma-0.25__maxgradnorm-0.1__delta-8e-05.pt_ppl-348.8653628_acc-0.25714_epoch-47
48,347.7374393,0.25714,0.324,0.514,0.55,0.32,1000,model/partialdp/20210410/093833/data-wikitext-2-add10b__model-LSTM__ebd-200__hid-200__bi-False__nlayer-1__tied-False__ntokens-50258__bs-7__bptt-35__lr-0.1__dp-True_partial-True_zerohidden-False__sigma-0.25__maxgradnorm-0.1__delta-8e-05.pt_ppl-347.7374393_acc-0.25714_epoch-48,255.17,8e-05,1.1,model/partialdp/20210410/093833/data-wikitext-2-add10b__model-LSTM__ebd-200__hid-200__bi-False__nlayer-1__tied-False__ntokens-50258__bs-7__bptt-35__lr-0.1__dp-True_partial-True_zerohidden-False__sigma-0.25__maxgradnorm-0.1__delta-8e-05.pt_ppl-347.7374393_acc-0.25714_epoch-48
49,346.7492143,0.25714,0.326,0.52,0.55,0.318,1000,model/partialdp/20210410/093833/data-wikitext-2-add10b__model-LSTM__ebd-200__hid-200__bi-False__nlayer-1__tied-False__ntokens-50258__bs-7__bptt-35__lr-0.1__dp-True_partial-True_zerohidden-False__sigma-0.25__maxgradnorm-0.1__delta-8e-05.pt_ppl-346.7492143_acc-0.25714_epoch-49,258.52,8e-05,1.1,model/partialdp/20210410/093833/data-wikitext-2-add10b__model-LSTM__ebd-200__hid-200__bi-False__nlayer-1__tied-False__ntokens-50258__bs-7__bptt-35__lr-0.1__dp-True_partial-True_zerohidden-False__sigma-0.25__maxgradnorm-0.1__delta-8e-05.pt_ppl-346.7492143_acc-0.25714_epoch-49
50,345.7488897,0.25714,0.326,0.518,0.55,0.318,1000,model/partialdp/20210410/093833/data-wikitext-2-add10b__model-LSTM__ebd-200__hid-200__bi-False__nlayer-1__tied-False__ntokens-50258__bs-7__bptt-35__lr-0.1__dp-True_partial-True_zerohidden-False__sigma-0.25__maxgradnorm-0.1__delta-8e-05.pt_ppl-345.7488897_acc-0.25714_epoch-50,261.87,8e-05,1.1,model/partialdp/20210410/093833/data-wikitext-2-add10b__model-LSTM__ebd-200__hid-200__bi-False__nlayer-1__tied-False__ntokens-50258__bs-7__bptt-35__lr-0.1__dp-True_partial-True_zerohidden-False__sigma-0.25__maxgradnorm-0.1__delta-8e-05.pt_ppl-345.7488897_acc-0.25714_epoch-50
